スポット名,カテゴリ,所在地,流山からのアクセス時間,大人料金,子供料金,2歳児向け,5歳児向け,グルメ評価,おすすめ度,子供の好みとの関連,公式サイト,初回掲載日,備考
横浜アンパンマンこどもミュージアム,テーマパーク,神奈川県横浜市,車で約1時間10分,2200〜2600円,1歳以上同額,◎,◎,◎,★★★★★,アンパンマン,https://www.yokohama-anpanman.jp/,2026-03-22,横浜中華街も近く奥様のグルメ欲も満たせる
サンリオピューロランド,テーマパーク,東京都多摩市,車で約1時間,3600〜4900円,2500〜3800円（3歳〜）,◎,◎,○,★★★★★,サンリオ,https://www.puroland.jp/,2026-03-22,完全屋内型。2026年ポムポムプリン30周年イベント開催中
ふなばしアンデルセン公園,公園,千葉県船橋市,車で約40分,900円,100円（4歳〜）,◎,◎,○,★★★★★,,https://www.park-funabashi.or.jp/and/,2026-03-22,コスパ最強。4歳未満無料
マザー牧場,牧場,千葉県富津市,車で約1時間20分,1500円,800円（4歳〜）,◎,◎,◎,★★★★☆,犬・猫・動物,https://www.motherfarm.co.jp/,2026-03-22,春はチューリップ畑が見頃。ジンギスカンが絶品
東京ドイツ村,テーマパーク,千葉県袖ケ浦市,車で約1時間15分,800円,400円（4歳〜）,○,◎,○,★★★★☆,恐竜,https://t-doitsumura.co.jp/,2026-03-22,ジュラジャーマン・ライドで恐竜の森を探検
ボーネルンド キドキド,室内遊び場,流山おおたかの森S.C.,徒歩/車で数分,施設利用料あり,施設利用料あり,◎,◎,○,★★★★☆,,https://kidokid.bornelund.co.jp/nagareyamaootakanomori/,2026-03-22,雨の日に最適。ベビーガーデンあり
ピュアハートキッズランド,室内遊び場,COTOE流山おおたかの森,徒歩4分,施設利用料あり,施設利用料あり,◎,◎,○,★★★★☆,,https://www.nikke-purekids.jp/shop/nagareyama/,2026-03-22,大型ボールプール・ふわふわ遊具
清水公園,公園,千葉県野田市,車で約20〜30分,入園無料,入園無料,○,◎,○,★★★★☆,,https://www.shimizu-kouen.com/,2026-03-22,日本最大級のアスレチック。桜の名所
成田ゆめ牧場,牧場,千葉県成田市,車で約50分〜1時間,1600円,800円（3歳〜）,◎,◎,○,★★★★☆,犬・猫・動物,,2026-03-22,乳搾り・バター作り体験。芝すべり無料
埼玉県こども動物自然公園,動物園,埼玉県東松山市,車で約1時間,700円,200円（小中学生）,◎,◎,○,★★★☆☆,犬・猫・動物,,2026-03-22,関東の子連れランキング人気No.1
